#SystemGuid,HeroGuid,AbilityName,AbilitySlot,ValidLow,ValidHigh
"54A3FB9A-131A-4426-A3BB-AC3C65CC0726","F33A1300-EF21-433B-B14E-F3DF23C298F7","Biotic Rifle","PrimaryFire","1970/1/1 00:00:00","2030/1/1 00:00:00"
"401FD359-4168-4FD9-9495-272686ACF912","F33A1300-EF21-433B-B14E-F3DF23C298F7","Biotic Rifle (Scoped)","SecondaryFire","1970/1/1 00:00:00","2030/1/1 00:00:00"
"98650C51-CF53-49E3-9827-8DE86557445B","F33A1300-EF21-433B-B14E-F3DF23C298F7","Sleep Dart","Ability1","1970/1/1 00:00:00","2030/1/1 00:00:00"
"98650C51-CF53-49E3-9827-8DE86557445B","F33A1300-EF21-433B-B14E-F3DF23C298F7","Biotic Grenade","Ability2","1970/1/1 00:00:00","2030/1/1 00:00:00"
"2762DB2C-908F-47C7-82F4-AF9467D2FFAC","F33A1300-EF21-433B-B14E-F3DF23C298F7","The Viper","PrimaryFire","1970/1/1 00:00:00","2030/1/1 00:00:00"
"534C73D9-F7FE-40F2-B499-93C2DA313D22","3E1F68E5-CB5E-4962-9F68-80AC082DD692","The Viper (Scoped)","SecondaryFire","1970/1/1 00:00:00","2030/1/1 00:00:00"
"D3420B98-706F-4BDF-A835-F07742F26EBC","3E1F68E5-CB5E-4962-9F68-80AC082DD692","Coach Gun","Ability1","1970/1/1 00:00:00","2030/1/1 00:00:00"
"3C5C56FC-2833-4EEE-8EB1-BCD73336FC96","3E1F68E5-CB5E-4962-9F68-80AC082DD692","Dynamite","Ability2","1970/1/1 00:00:00","2030/1/1 00:00:00"
"7918A296-695C-4B24-B5BF-F52C1D83F972","3E1F68E5-CB5E-4962-9F68-80AC082DD692","B.O.B","UltimateAbility","1970/1/1 00:00:00","2030/1/1 00:00:00"
"2676A3F8-13BE-4BC9-9E84-B2FDA09A995D","13C97683-3B5E-4800-B44B-CCDC73500959","Exo Boots","Passive","1970/1/1 00:00:00","2030/1/1 00:00:00"
"D26B5F86-172D-4F26-BD1E-960485AA619D","13C97683-3B5E-4800-B44B-CCDC73500959","Biotic Launcher (Damage)","PrimaryFire","1970/1/1 00:00:00","2030/1/1 00:00:00"
"8162B026-DFB8-45FC-829D-C878F36025E3","13C97683-3B5E-4800-B44B-CCDC73500959","Biotic Launcher (Healing)","SecondaryFire","1970/1/1 00:00:00","2030/1/1 00:00:00"
"3B94C708-FB43-4AA9-9764-94B5720BFA7D","13C97683-3B5E-4800-B44B-CCDC73500959","Regenerative Burst","Ability1","1970/1/1 00:00:00","2030/1/1 00:00:00"
"65A884B7-5B8E-476A-84C2-EAB99E70827F","13C97683-3B5E-4800-B44B-CCDC73500959","Immortality Field","Ability2","1970/1/1 00:00:00","2030/1/1 00:00:00"
"C50212C5-8167-4D3A-9654-5A64695CC707","13C97683-3B5E-4800-B44B-CCDC73500959","Amplification Matrix","UltimateAbility","1970/1/1 00:00:00","2030/1/1 00:00:00"
"9F9AD591-31A9-4873-A1D0-398A0DDB7CB0","3C3EF15F-E3C2-4716-ADDF-0CB7FF0AE51E","Ironclad","Passive","1970/1/1 00:00:00","2030/1/1 00:00:00"
"893DA868-6917-4622-86F3-E2CE273B3010","3C3EF15F-E3C2-4716-ADDF-0CB7FF0AE51E","Configuration: Recon","PrimaryFire","1970/1/1 00:00:00","2030/1/1 00:00:00"
"B22F8462-5F65-422C-9B47-523A1149BEDC","3C3EF15F-E3C2-4716-ADDF-0CB7FF0AE51E","A-36 Tactical Grenade","SecondaryFire","1970/1/1 00:00:00","2030/1/1 00:00:00"
"1ECEC2EF-D4D6-416B-A3F6-B49FFF3766BE","3C3EF15F-E3C2-4716-ADDF-0CB7FF0AE51E","Reconfigure","Ability1","1970/1/1 00:00:00","2030/1/1 00:00:00"
"2BA3F647-9FB0-4A80-B4A8-26AE480306AA","3C3EF15F-E3C2-4716-ADDF-0CB7FF0AE51E","Configuration: Artillery","UltimateAbility","1970/1/1 00:00:00","2030/1/1 00:00:00"
"06A0E16D-4BC3-473E-B0A3-F3D884B9B9BE","2A5E6260-44BD-4F15-AAB0-AB8AE0BD99DE","Inspire","Passive","1970/1/1 00:00:00","2030/1/1 00:00:00"
"34BCD78D-9502-441E-BB06-CFB714F9DED1","2A5E6260-44BD-4F15-AAB0-AB8AE0BD99DE","Rocket Flail","PrimaryFire","1970/1/1 00:00:00","2030/1/1 00:00:00"
"13DAB0D5-FB17-4BF2-9937-0EF520864E83","2A5E6260-44BD-4F15-AAB0-AB8AE0BD99DE","Barrier Shield","SecondaryFire","1970/1/1 00:00:00","2030/1/1 00:00:00"
"0CC41DDC-18BA-4E07-956F-ADE79F61CF7F","2A5E6260-44BD-4F15-AAB0-AB8AE0BD99DE","Shield Bash","PrimaryFire","1970/1/1 00:00:00","2030/1/1 00:00:00"
"7F2C9A03-6D0A-49EB-B3D3-AA806C86683F","2A5E6260-44BD-4F15-AAB0-AB8AE0BD99DE","Whip Shot","Ability1","1970/1/1 00:00:00","2030/1/1 00:00:00"
"311ACFCF-8998-4A6C-B206-C789E53FA5B0","2A5E6260-44BD-4F15-AAB0-AB8AE0BD99DE","Repair Pack","Ability2","1970/1/1 00:00:00","2030/1/1 00:00:00"
"77E83FEB-889F-40F2-AE83-F63103FCC760","2A5E6260-44BD-4F15-AAB0-AB8AE0BD99DE","Rally","UltimateAbility","1970/1/1 00:00:00","2030/1/1 00:00:00"
"82788108-C5DD-4020-838A-18E3470672E5","FBFFB916-CAA2-4546-B56F-652E57E00847","Peacekeeper","PrimaryFire","1970/1/1 00:00:00","2030/1/1 00:00:00"
"B83F92DD-1FD0-48B5-A9BD-7E9B7E1BCB19","FBFFB916-CAA2-4546-B56F-652E57E00847","Peacekeeper (Fan the Hammer)","SecondaryFire","1970/1/1 00:00:00","2030/1/1 00:00:00"
"8033AAAA-28A5-406C-AB17-7C39236A1542","FBFFB916-CAA2-4546-B56F-652E57E00847","Combat Roll","Ability1","1970/1/1 00:00:00","2030/1/1 00:00:00"
"4D554C35-B84F-4331-95DC-F9043899F972","FBFFB916-CAA2-4546-B56F-652E57E00847","Magnetic Grenade","Ability2","1970/1/1 00:00:00","2030/1/1 00:00:00"
"4540ADDC-7590-482F-81FF-988A54D929CC","FBFFB916-CAA2-4546-B56F-652E57E00847","Deadeye","UltimateAbility","1970/1/1 00:00:00","2030/1/1 00:00:00"
"0BABDAB5-2F09-4FE7-99EC-E14BBCC5FE9E","C4FF7375-5DD6-431A-834F-23CE38CFB3B7","Eject!","Passive","1970/1/1 00:00:00","2030/1/1 00:00:00"
"DB628613-1E7E-471C-A1C5-D7F4075864EF","C4FF7375-5DD6-431A-834F-23CE38CFB3B7","Fusion Cannons","PrimaryFire","1970/1/1 00:00:00","2030/1/1 00:00:00"
"343A4E3B-A902-41B3-A629-ECD371E978F1","C4FF7375-5DD6-431A-834F-23CE38CFB3B7","Light Gun","PrimaryFire","1970/1/1 00:00:00","2030/1/1 00:00:00"
"5AE7295B-F3D6-4FD3-90FF-DF81E601971D","C4FF7375-5DD6-431A-834F-23CE38CFB3B7","Defense Matrix","SecondaryFire","1970/1/1 00:00:00","2030/1/1 00:00:00"
"8E6FB657-6C64-4AA7-B49D-0251CB6F3C44","C4FF7375-5DD6-431A-834F-23CE38CFB3B7","Boosters","Ability1","1970/1/1 00:00:00","2030/1/1 00:00:00"
"7DA7B7A4-98CE-43FD-A7CD-38912E6995A3","C4FF7375-5DD6-431A-834F-23CE38CFB3B7","Micro Missiles","Ability2","1970/1/1 00:00:00","2030/1/1 00:00:00"
"DF4D8B91-D2F6-42FB-9A85-AF91CFD4654F","C4FF7375-5DD6-431A-834F-23CE38CFB3B7","Self-Destruct","UltimateAbility","1970/1/1 00:00:00","2030/1/1 00:00:00"
"79592E73-574F-445A-B8F7-0EA25F083FBE","C4FF7375-5DD6-431A-834F-23CE38CFB3B7","Call Mech","UltimateAbility","1970/1/1 00:00:00","2030/1/1 00:00:00"
"1EB147A8-88C0-405E-873B-F198816E5075","E2C0ACED-D36F-4B02-A7A8-9DD11D626D79","The Best Defense...","Passive","1970/1/1 00:00:00","2030/1/1 00:00:00"
"68B9A4BE-3EFF-4841-9629-C57778A03B83","E2C0ACED-D36F-4B02-A7A8-9DD11D626D79","Hand Cannon","PrimaryFire","1970/1/1 00:00:00","2030/1/1 00:00:00"
"EAE232AF-A54C-4B9B-9527-5851AD8EAF84","E2C0ACED-D36F-4B02-A7A8-9DD11D626D79","Rocket Punch","SecondaryFire","1970/1/1 00:00:00","2030/1/1 00:00:00"
"DA3E0502-26B4-4B1C-B4E8-CF791A9AB31B","E2C0ACED-D36F-4B02-A7A8-9DD11D626D79","Seismic Slam","Ability1","1970/1/1 00:00:00","2030/1/1 00:00:00"
"76981DA3-6C1B-4654-9EEF-E727820A6815","E2C0ACED-D36F-4B02-A7A8-9DD11D626D79","Power Block","Ability2","1970/1/1 00:00:00","2030/1/1 00:00:00"
"47ADBB1A-0685-4E10-B678-1AFB2B7A5594","E2C0ACED-D36F-4B02-A7A8-9DD11D626D79","Meteor Strike","UltimateAbility","1970/1/1 00:00:00","2030/1/1 00:00:00"
"29373BA1-76D1-4F82-AA91-E744F147E30D","5D55362F-5726-4877-A44A-20CF74DE1319","Glide","Passive","1970/1/1 00:00:00","2030/1/1 00:00:00"
"2C0D165D-2622-4709-9B7B-A1824F6AD3EB","5D55362F-5726-4877-A44A-20CF74DE1319","Tri-Shot","PrimaryFire","1970/1/1 00:00:00","2030/1/1 00:00:00"
"7791EF6A-F270-4A25-82C0-9328B4FBF1F7","5D55362F-5726-4877-A44A-20CF74DE1319","Sticky Bombs","SecondaryFire","1970/1/1 00:00:00","2030/1/1 00:00:00"
"556449E8-9AAF-4D16-9026-96E1A8BC0119","5D55362F-5726-4877-A44A-20CF74DE1319","Flight","Ability1","1970/1/1 00:00:00","2030/1/1 00:00:00"
"BE8BB45E-FDE5-4928-9C36-B71C6C54725A","5D55362F-5726-4877-A44A-20CF74DE1319","Focusing Beam","Ability2","1970/1/1 00:00:00","2030/1/1 00:00:00"
"FB242A2A-E556-4546-8CAD-9A96BF7A1B03","5D55362F-5726-4877-A44A-20CF74DE1319","Duplicate","UltimateAbility","1970/1/1 00:00:00","2030/1/1 00:00:00"
"0B1CFF1E-514C-427B-9B4A-7112518B6E82","A79501F3-2214-4C07-A4E4-F04268F61DA5","Cyber-Agility","Passive","1970/1/1 00:00:00","2030/1/1 00:00:00"
"3F4CFDA7-8EB5-4CE7-A294-CD35B9373465","A79501F3-2214-4C07-A4E4-F04268F61DA5","Shuriken","PrimaryFire","1970/1/1 00:00:00","2030/1/1 00:00:00"
"5018A0FF-4E7B-42CF-87CC-205AADCC1624","A79501F3-2214-4C07-A4E4-F04268F61DA5","Shuriken (Secondary)","SecondaryFire","1970/1/1 00:00:00","2030/1/1 00:00:00"
"13CA4AF8-ED52-4D39-9FDE-4CE6FED1711E","A79501F3-2214-4C07-A4E4-F04268F61DA5","Swift Strike","Ability1","1970/1/1 00:00:00","2030/1/1 00:00:00"
"053678E2-8F3D-4ED8-9F9A-277011669172","A79501F3-2214-4C07-A4E4-F04268F61DA5","Deflect","Ability2","1970/1/1 00:00:00","2030/1/1 00:00:00"
"9A5E2E27-D590-4B17-B014-7FB021D18BF2","A79501F3-2214-4C07-A4E4-F04268F61DA5","Dragonblade","UltimateAbility","1970/1/1 00:00:00","2030/1/1 00:00:00"
"2A0E1997-4CE3-4018-B49C-AA6F3F68F7EE","9CF931AC-D7B0-49EC-BC37-9C8E936AF330","Wall Climb","Passive","1970/1/1 00:00:00","2030/1/1 00:00:00"
"D9D42FDB-732E-44CC-B7B8-41EA1D890C0E","9CF931AC-D7B0-49EC-BC37-9C8E936AF330","Storm Bow","PrimaryFire","1970/1/1 00:00:00","2030/1/1 00:00:00"
"2D892911-7B45-49D5-9E65-50D5C357751A","9CF931AC-D7B0-49EC-BC37-9C8E936AF330","Sonic Arrow","Ability1","1970/1/1 00:00:00","2030/1/1 00:00:00"
"4B865BD4-D2E1-4014-966E-A1D4D9FD5C98","9CF931AC-D7B0-49EC-BC37-9C8E936AF330","Storm Arrows","Ability2","1970/1/1 00:00:00","2030/1/1 00:00:00"
"03E48E3F-A9A3-4007-9879-878A6E5BA2FD","9CF931AC-D7B0-49EC-BC37-9C8E936AF330","Lunge","Jump","1970/1/1 00:00:00","2030/1/1 00:00:00"
"50A10D70-9D95-4D37-8BDA-25C38155E81B","9CF931AC-D7B0-49EC-BC37-9C8E936AF330","Dragonstrike","UltimateAbility","1970/1/1 00:00:00","2030/1/1 00:00:00"
"11FDE84C-87AC-4976-8B39-0775BEB760E2","E6371BFF-B6D0-4649-896A-6E8149894FDC","Adrenaline Rush","Passive","1970/1/1 00:00:00","2030/1/1 00:00:00"
"729BF16B-BF3F-4C01-981E-0D85C489540B","E6371BFF-B6D0-4649-896A-6E8149894FDC","Scattergun","PrimaryFire","1970/1/1 00:00:00","2030/1/1 00:00:00"
"5FD8E57F-7957-4A28-91E9-3A32D5423356","E6371BFF-B6D0-4649-896A-6E8149894FDC","Jagged Blade","SecondaryFire","1970/1/1 00:00:00","2030/1/1 00:00:00"
"2EA3A8AB-C520-404F-8BC5-6B5185062256","E6371BFF-B6D0-4649-896A-6E8149894FDC","Commanding Shout","Ability1","1970/1/1 00:00:00","2030/1/1 00:00:00"
"BC9C6377-379C-4A52-9E2B-101811C1CBD1","E6371BFF-B6D0-4649-896A-6E8149894FDC","Carnage","Ability2","1970/1/1 00:00:00","2030/1/1 00:00:00"
"2EA3A8AB-C520-404F-8BC5-6B5185062256","E6371BFF-B6D0-4649-896A-6E8149894FDC","Rampage","UltimateAbility","1970/1/1 00:00:00","2030/1/1 00:00:00"
"5ACBCDFD-ACF7-4BB9-BD63-6E2F1BD3A7EA","1C506848-AB5B-4F77-A289-708C06C1E4AB","Total Mayhem","Passive","1970/1/1 00:00:00","2030/1/1 00:00:00"
"CAD09D12-F29E-4C80-8BC6-E450E79374E2","1C506848-AB5B-4F77-A289-708C06C1E4AB","Frag Launcher","PrimaryFire","1970/1/1 00:00:00","2030/1/1 00:00:00"
"84F16693-9B34-4B8E-8411-4E8409B3413C","1C506848-AB5B-4F77-A289-708C06C1E4AB","Concussion Mine","Ability1","1970/1/1 00:00:00","2030/1/1 00:00:00"
"6CBEE7BE-A882-4269-A701-CC0083E00EBA","1C506848-AB5B-4F77-A289-708C06C1E4AB","Steel Trap","Ability2","1970/1/1 00:00:00","2030/1/1 00:00:00"
"8D79F0D3-CEAD-4F10-BE63-0F32023393D2","1C506848-AB5B-4F77-A289-708C06C1E4AB","RIP-Tire","UltimateAbility","1970/1/1 00:00:00","2030/1/1 00:00:00"
"F93FB974-FB9C-4B1F-A2C7-78A0A5E33F4D","64FE9F34-758A-42FF-87DB-459B47192ADC","Wall Climb","Passive","1970/1/1 00:00:00","2030/1/1 00:00:00"
"774367B2-6523-4F11-9C25-944369FBB80F","64FE9F34-758A-42FF-87DB-459B47192ADC","Healing Ofuda","PrimaryFire","1970/1/1 00:00:00","2030/1/1 00:00:00"
"CE714778-6355-4E46-BB83-D60EF5FE32F3","64FE9F34-758A-42FF-87DB-459B47192ADC","Kunai","SecondaryFire","1970/1/1 00:00:00","2030/1/1 00:00:00"
"D8F95085-4F8A-42CB-A544-F40F57847DE2","64FE9F34-758A-42FF-87DB-459B47192ADC","Swift Step","Ability1","1970/1/1 00:00:00","2030/1/1 00:00:00"
"BAE186CC-087D-46E7-A80A-07A78B340D6C","64FE9F34-758A-42FF-87DB-459B47192ADC","Protection Suzu","Ability2","1970/1/1 00:00:00","2030/1/1 00:00:00"
"446672EC-A943-4965-8409-88DB48689D2D","64FE9F34-758A-42FF-87DB-459B47192ADC","Kitsune Rush","UltimateAbility","1970/1/1 00:00:00","2030/1/1 00:00:00"
"0E820B87-A460-4C1C-A87E-F94E21DCB1AB","C315A98A-051A-4790-9B81-E3974653AD15","Wall Ride","Passive","1970/1/1 00:00:00","2030/1/1 00:00:00"
"A92CDB97-0E0F-4F07-8CA0-DA31841AC5EB","C315A98A-051A-4790-9B81-E3974653AD15","Sonic Amplifier","PrimaryFire","1970/1/1 00:00:00","2030/1/1 00:00:00"
"AA392BAD-8AE9-4CF5-B5A3-4F6B6301B377","C315A98A-051A-4790-9B81-E3974653AD15","Soundwave","SecondaryFire","1970/1/1 00:00:00","2030/1/1 00:00:00"
"199D3A87-2552-4EA0-B24E-451D05D092DD","C315A98A-051A-4790-9B81-E3974653AD15","Crossfade","Ability1","1970/1/1 00:00:00","2030/1/1 00:00:00"
"A93049BE-4FDB-4368-A8E2-CA2B945C841D","C315A98A-051A-4790-9B81-E3974653AD15","Amp It Up","Ability2","1970/1/1 00:00:00","2030/1/1 00:00:00"
"F6A7953C-C176-4052-B43B-3BEE3DD46D52","C315A98A-051A-4790-9B81-E3974653AD15","Sound Barrier","UltimateAbility","1970/1/1 00:00:00","2030/1/1 00:00:00"
"B81BC487-0E09-4D6F-80A1-84DCAE131AA1","211DB708-7D34-43B9-A080-25CDEE2F8D28","Endothermic Blaster","PrimaryFire","1970/1/1 00:00:00","2030/1/1 00:00:00"
"81637157-88E7-40B3-B080-6AA26AAF212B","211DB708-7D34-43B9-A080-25CDEE2F8D28","Endothermic Blaster (Secondary)","SecondaryFire","1970/1/1 00:00:00","2030/1/1 00:00:00"
"C0CFBCE1-11A9-4220-9D8F-7BF473B0F9BC","211DB708-7D34-43B9-A080-25CDEE2F8D28","Cryo-Freeze","Ability1","1970/1/1 00:00:00","2030/1/1 00:00:00"
"9DCFE320-56F2-4819-8960-3E9F6705D3E0","211DB708-7D34-43B9-A080-25CDEE2F8D28","Ice Wall","Ability2","1970/1/1 00:00:00","2030/1/1 00:00:00"
"F1BA77C9-523B-4ECB-AA5D-F7C73871EF11","211DB708-7D34-43B9-A080-25CDEE2F8D28","Blizzard","UltimateAbility","1970/1/1 00:00:00","2030/1/1 00:00:00"
"C0A97898-E5F7-479A-AF59-9ADD26AE4692","AD11AFBF-66BB-454E-8B8C-250CAD4082DF","Angelic Descent","Jump","1970/1/1 00:00:00","2030/1/1 00:00:00"
"79B3298A-E257-4B99-8B1B-421714E1D4DC","AD11AFBF-66BB-454E-8B8C-250CAD4082DF","Caducedus Staff (Healing)","PrimaryFire","1970/1/1 00:00:00","2030/1/1 00:00:00"
"619C3D65-BD35-42D4-9C81-B9C299AB30F5","AD11AFBF-66BB-454E-8B8C-250CAD4082DF","Caducedus Blaster","PrimaryFire","1970/1/1 00:00:00","2030/1/1 00:00:00"
"3E96E53B-0C54-43FF-8094-299799C5223D","AD11AFBF-66BB-454E-8B8C-250CAD4082DF","Caducedus Staff (Damage Boost)","SecondaryFire","1970/1/1 00:00:00","2030/1/1 00:00:00"
"1E0FC64C-6C2E-418F-B1AD-2A023E160B8F","AD11AFBF-66BB-454E-8B8C-250CAD4082DF","Guardian Angel","Ability1","1970/1/1 00:00:00","2030/1/1 00:00:00"
"DAE700B8-612B-4042-86F2-109F8FC474E6","AD11AFBF-66BB-454E-8B8C-250CAD4082DF","Resurrect","Ability2","1970/1/1 00:00:00","2030/1/1 00:00:00"
"E377609C-DECC-4F1B-A1F2-54556DDA7146","AD11AFBF-66BB-454E-8B8C-250CAD4082DF","Valkyrie","UltimateAbility","1970/1/1 00:00:00","2030/1/1 00:00:00"
"66E7B8A3-CD22-4FF7-86AE-73EE7BF44A01","0B8E792F-A200-4D42-8254-0BD5942BEB3A","Biotic Grasp (Healing)","PrimaryFire","1970/1/1 00:00:00","2030/1/1 00:00:00"
"EDEBD3CD-2786-456F-B8C1-837A6F670CB7","0B8E792F-A200-4D42-8254-0BD5942BEB3A","Biotic Grasp (Damage)","SecondaryFire","1970/1/1 00:00:00","2030/1/1 00:00:00"
"274A098D-D23F-4FE7-85F9-A84F6A961B5E","0B8E792F-A200-4D42-8254-0BD5942BEB3A","Biotic Orb","Ability1","1970/1/1 00:00:00","2030/1/1 00:00:00"
"1A765998-92D5-481E-98D5-7140A36FD476","0B8E792F-A200-4D42-8254-0BD5942BEB3A","Fade","Ability2","1970/1/1 00:00:00","2030/1/1 00:00:00"
"4A31A817-2B06-4B5F-87B3-4C0886F0AC9C","0B8E792F-A200-4D42-8254-0BD5942BEB3A","Coalescence","UltimateAbility","1970/1/1 00:00:00","2030/1/1 00:00:00"
"BB097D0F-156F-42D0-8C2B-1156D9D6E3F2","48C2A4F8-A304-422F-A989-9809C0BF641D","Augmented Fusion Driver","PrimaryFire","1970/1/1 00:00:00","2030/1/1 00:00:00"
"869CFC2F-3457-47D3-89D4-DB5828C44347","48C2A4F8-A304-422F-A989-9809C0BF641D","Energy Javelin","SecondaryFire","1970/1/1 00:00:00","2030/1/1 00:00:00"
"15D8B391-79D0-431F-8FE6-C78812828309","48C2A4F8-A304-422F-A989-9809C0BF641D","Fortify","Ability1","1970/1/1 00:00:00","2030/1/1 00:00:00"
"18FE8ED6-C0AD-42B9-A41F-9455DFBAA15C","48C2A4F8-A304-422F-A989-9809C0BF641D","Javelin Spin","Ability2","1970/1/1 00:00:00","2030/1/1 00:00:00"
"6557A891-D06F-47E6-AA0A-15DCA59D6F22","48C2A4F8-A304-422F-A989-9809C0BF641D","Terra Surge","UltimateAbility","1970/1/1 00:00:00","2030/1/1 00:00:00"
"9F0054CA-A419-48C3-9E40-3D413C38C165","68C45A2B-1AC0-4DEA-A1EC-F5167D821E34","Hover Jets","Passive","1970/1/1 00:00:00","2030/1/1 00:00:00"
"6432EC1B-6729-42D9-9611-94D16F49679F","68C45A2B-1AC0-4DEA-A1EC-F5167D821E34","Rocket Launcher","Passive","1970/1/1 00:00:00","2030/1/1 00:00:00"
"88D1C52E-1AC6-4788-9D74-B21894292E12","68C45A2B-1AC0-4DEA-A1EC-F5167D821E34","Jump Jet","Ability1","1970/1/1 00:00:00","2030/1/1 00:00:00"
"5F563BAF-AF70-47E1-A526-EA770BE49C30","68C45A2B-1AC0-4DEA-A1EC-F5167D821E34","Concussive Blast","Ability2","1970/1/1 00:00:00","2030/1/1 00:00:00"
"4B8AC8FB-A155-49CE-8D9F-3F76A7DD6BF5","68C45A2B-1AC0-4DEA-A1EC-F5167D821E34","Barrage","UltimateAbility","1970/1/1 00:00:00","2030/1/1 00:00:00"
"A7D50273-3249-4C0F-B0EB-CCE59CC4BFFF","ADB25136-DC26-43A9-9420-E9AA38606B67","Void Accelerator","PrimaryFire","1970/1/1 00:00:00","2030/1/1 00:00:00"
"38945836-CF94-462C-9EE7-C91D1551DBB0","ADB25136-DC26-43A9-9420-E9AA38606B67","Pummel","PrimaryFire","1970/1/1 00:00:00","2030/1/1 00:00:00"
"2509CB0F-E81E-49C2-AEBB-56A4C4A38C98","ADB25136-DC26-43A9-9420-E9AA38606B67","Void Barrier","SecondaryFire","1970/1/1 00:00:00","2030/1/1 00:00:00"
"47DB6A39-1340-4D0C-96C8-E8646D38D999","ADB25136-DC26-43A9-9420-E9AA38606B67","Block","SecondaryFire","1970/1/1 00:00:00","2030/1/1 00:00:00"
"81E8BB05-3C84-4A3E-863F-411FE2216CB7","ADB25136-DC26-43A9-9420-E9AA38606B67","Nemesis Form","Ability1","1970/1/1 00:00:00","2030/1/1 00:00:00"
"92233A62-6527-41AD-9759-AD5DBE8399EC","ADB25136-DC26-43A9-9420-E9AA38606B67","Ravenous Vortex","Ability2","1970/1/1 00:00:00","2030/1/1 00:00:00"
"B106F0E2-F6D1-4FA9-9E15-32A9FBCF34BE","ADB25136-DC26-43A9-9420-E9AA38606B67","Annihilation","UltimateAbility","1970/1/1 00:00:00","2030/1/1 00:00:00"
"C8BB304D-9AFA-4067-AA07-86D0A0A8DC84","170C7C2C-2621-46E4-9B61-C4006611B99B","The Reaping","Passive","1970/1/1 00:00:00","2030/1/1 00:00:00"
"A070EC1F-0B08-4BE0-A77F-4B4EE56E83B5","170C7C2C-2621-46E4-9B61-C4006611B99B","Hellfire Shotguns","Passive","1970/1/1 00:00:00","2030/1/1 00:00:00"
"FB0DBB3C-2372-4034-B39B-2C6821315EB2","170C7C2C-2621-46E4-9B61-C4006611B99B","Wraith Form","Ability1","1970/1/1 00:00:00","2030/1/1 00:00:00"
"D305E9DA-4C7C-4F2F-B066-5115C63AC59B","170C7C2C-2621-46E4-9B61-C4006611B99B","Shadow Step","Ability2","1970/1/1 00:00:00","2030/1/1 00:00:00"
"C50C9D49-BD11-4DC2-93A2-46EBABBA7D06","170C7C2C-2621-46E4-9B61-C4006611B99B","Death Blossom","UltimateAbility","1970/1/1 00:00:00","2030/1/1 00:00:00"
"6E7B2FC8-DB16-4A87-9C5D-718C98B0FADA","B3CF3D86-44C1-4F13-9AB9-AC1779E6C093","Rocket Hammer","PrimaryFire","1970/1/1 00:00:00","2030/1/1 00:00:00"
"F70B1972-E839-4E62-8F3B-427E07EDE49F","B3CF3D86-44C1-4F13-9AB9-AC1779E6C093","Barrier Field","SecondaryFire","1970/1/1 00:00:00","2030/1/1 00:00:00"
"31FF4E3F-559D-4611-9D6F-ABBF2989A7E6","B3CF3D86-44C1-4F13-9AB9-AC1779E6C093","Charge","Ability1","1970/1/1 00:00:00","2030/1/1 00:00:00"
"4875978F-5DEA-460F-8D9F-C57F97B878CB","B3CF3D86-44C1-4F13-9AB9-AC1779E6C093","Earthshatter","UltimateAbility","1970/1/1 00:00:00","2030/1/1 00:00:00"
"10153AA6-3E9E-41F3-A430-B9E3924E5C78","AD1DBEBC-B30D-426D-B26D-528901AB4FA2","Scrap Gun","PrimaryFire","1970/1/1 00:00:00","2030/1/1 00:00:00"
"35CEBA81-973F-436D-9840-FF95B283C047","AD1DBEBC-B30D-426D-B26D-528901AB4FA2","Scrap Gun (Alternate)","SecondaryFire","1970/1/1 00:00:00","2030/1/1 00:00:00"
"F56C3097-3080-489A-829A-910644506796","AD1DBEBC-B30D-426D-B26D-528901AB4FA2","Chain Hook","Ability1","1970/1/1 00:00:00","2030/1/1 00:00:00"
"8931ACDB-FAF3-40D7-99DA-3B802C84BF37","AD1DBEBC-B30D-426D-B26D-528901AB4FA2","Take a Breather","Ability2","1970/1/1 00:00:00","2030/1/1 00:00:00"
"3B28B64D-1693-4B7B-B2C8-163F860EB70F","AD1DBEBC-B30D-426D-B26D-528901AB4FA2","Whole Hog","UltimateAbility","1970/1/1 00:00:00","2030/1/1 00:00:00"
"ED242108-1715-4C35-9FE7-851B29FE6DD4","C8EE9725-FE72-4648-895B-4F11F695D82A","Hyperspheres","PrimaryFire","1970/1/1 00:00:00","2030/1/1 00:00:00"
"DA9E2F32-B057-48D1-8D0E-7B81A526B764","C8EE9725-FE72-4648-895B-4F11F695D82A","Experimental Barrier","SecondaryFire","1970/1/1 00:00:00","2030/1/1 00:00:00"
"29852EAE-7213-419B-8C56-09C2166DB8CE","C8EE9725-FE72-4648-895B-4F11F695D82A","Kinetic Grasp","Ability1","1970/1/1 00:00:00","2030/1/1 00:00:00"
"02E043FA-CA7E-45A8-8168-BF760FAFBE85","C8EE9725-FE72-4648-895B-4F11F695D82A","Accretion","Ability2","1970/1/1 00:00:00","2030/1/1 00:00:00"
"30A0B05F-C64C-4223-B2C9-D17163607591","C8EE9725-FE72-4648-895B-4F11F695D82A","Gravitic Flux","UltimateAbility","1970/1/1 00:00:00","2030/1/1 00:00:00"
"5F31AD94-B084-4C65-9883-19489F2797ED","83E5A917-D540-4B69-BBD5-3EA88337B697","Railgun","PrimaryFire","1970/1/1 00:00:00","2030/1/1 00:00:00"
"4148A4D1-30A7-4512-A987-31799DE09017","83E5A917-D540-4B69-BBD5-3EA88337B697","Railgun (Charged Shot)","SecondaryFire","1970/1/1 00:00:00","2030/1/1 00:00:00"
"AE07A366-DEB0-4922-AC96-DC719FDC82A2","83E5A917-D540-4B69-BBD5-3EA88337B697","Power Slide","Ability1","1970/1/1 00:00:00","2030/1/1 00:00:00"
"AD507343-D957-40C5-A025-9B4A67CACC91","83E5A917-D540-4B69-BBD5-3EA88337B697","Disruptor Shot","Ability2","1970/1/1 00:00:00","2030/1/1 00:00:00"
"B6D9A6FF-B3FF-4B1A-9DE4-72A78BC46325","83E5A917-D540-4B69-BBD5-3EA88337B697","Overclock","UltimateAbility","1970/1/1 00:00:00","2030/1/1 00:00:00"
"AD85327D-6D5D-4AA3-9B30-2B4B52B80F19","1D73263D-8D8B-44EE-BB72-06C662675481","Heavy Pulse Rifle","PrimaryFire","1970/1/1 00:00:00","2030/1/1 00:00:00"
"CB64B47C-15A2-499F-AC38-C6502EA5581D","1D73263D-8D8B-44EE-BB72-06C662675481","Helix Rockets","SecondaryFire","1970/1/1 00:00:00","2030/1/1 00:00:00"
"F4F2E36F-F13D-4773-BEF9-1582E4F89B66","1D73263D-8D8B-44EE-BB72-06C662675481","Sprint","Ability1","1970/1/1 00:00:00","2030/1/1 00:00:00"
"E96D4ADF-9182-4889-BF47-F1D555B1D5B7","1D73263D-8D8B-44EE-BB72-06C662675481","Biotic Field","Ability2","1970/1/1 00:00:00","2030/1/1 00:00:00"
"6D0F4360-D1EF-4143-AA72-B65C2A548540","1D73263D-8D8B-44EE-BB72-06C662675481","Tactical Visor","UltimateAbility","1970/1/1 00:00:00","2030/1/1 00:00:00"
"B64D3773-EA68-4BD8-A0F8-2AFACA6E1959","D9F417B6-3064-4A0B-9F2C-0C0216413F03","Opportunist","Passive","1970/1/1 00:00:00","2030/1/1 00:00:00"
"841F8394-3046-40EE-BF44-061FC725DD98","D9F417B6-3064-4A0B-9F2C-0C0216413F03","Machine Pistol","PrimaryFire","1970/1/1 00:00:00","2030/1/1 00:00:00"
"C42010DE-2294-4E5A-BC3E-D2B908AE4F31","D9F417B6-3064-4A0B-9F2C-0C0216413F03","Hack","SecondaryFire","1970/1/1 00:00:00","2030/1/1 00:00:00"
"CC0E22ED-0956-486C-81E8-EF06638C9603","D9F417B6-3064-4A0B-9F2C-0C0216413F03","Stealth","Ability1","1970/1/1 00:00:00","2030/1/1 00:00:00"
"68DE9C09-0074-4B5D-A4DF-E58A0D3B25F6","D9F417B6-3064-4A0B-9F2C-0C0216413F03","Translocator","Ability1","1970/1/1 00:00:00","2030/1/1 00:00:00"
"BA7A6CBE-532F-4803-B83B-93477830C9D9","D9F417B6-3064-4A0B-9F2C-0C0216413F03","EMP","UltimateAbility","1970/1/1 00:00:00","2030/1/1 00:00:00"
"CDF6EEF0-FDED-4E45-90FA-31F361DFE3E7","0576D9E5-73FA-423A-93C4-21B0F43BC03F","Photon Projector","PrimaryFire","1970/1/1 00:00:00","2030/1/1 00:00:00"
"193B074E-594E-4569-98D1-558294DA1E45","0576D9E5-73FA-423A-93C4-21B0F43BC03F","Photon Projector (Alt Fire)","SecondaryFire","1970/1/1 00:00:00","2030/1/1 00:00:00"
"3D039891-1EE5-45D6-88C8-0DFE611DC4CF","0576D9E5-73FA-423A-93C4-21B0F43BC03F","Sentry Turret","Ability1","1970/1/1 00:00:00","2030/1/1 00:00:00"
"75CCD5D6-42C9-450D-9614-9628A1820108","0576D9E5-73FA-423A-93C4-21B0F43BC03F","Teleporter","Ability2","1970/1/1 00:00:00","2030/1/1 00:00:00"
"B08954E9-5E9C-47FC-BE4B-1D3F1F33C6FD","0576D9E5-73FA-423A-93C4-21B0F43BC03F","Photon Barrier","UltimateAbility","1970/1/1 00:00:00","2030/1/1 00:00:00"
"8EB6810E-883B-4C3A-ADB2-5CF229DBC0F7","0975FA03-CDA1-46DB-B5BB-BFA29EE8001E","Rivet Gun","PrimaryFire","1970/1/1 00:00:00","2030/1/1 00:00:00"
"0078946E-3379-4DE2-BE0D-743274B38C18","0975FA03-CDA1-46DB-B5BB-BFA29EE8001E","Forge Hammer","PrimaryFire","1970/1/1 00:00:00","2030/1/1 00:00:00"
"DBACD7DB-1786-4762-A687-051C74D0B08A","0975FA03-CDA1-46DB-B5BB-BFA29EE8001E","Rivet Gun (Alt Fire)","SecondaryFire","1970/1/1 00:00:00","2030/1/1 00:00:00"
"D3F27F3E-87F8-4496-AE09-94462FA7DA02","0975FA03-CDA1-46DB-B5BB-BFA29EE8001E","Deploy Turret","Ability1","1970/1/1 00:00:00","2030/1/1 00:00:00"
"9BB7E25D-C7A3-4791-A9AD-76C3C73DB47F","0975FA03-CDA1-46DB-B5BB-BFA29EE8001E","Overload","Ability2","1970/1/1 00:00:00","2030/1/1 00:00:00"
"5E019F55-4C34-4E39-AF92-255E2EE74A44","0975FA03-CDA1-46DB-B5BB-BFA29EE8001E","Molten Core","UltimateAbility","1970/1/1 00:00:00","2030/1/1 00:00:00"
"83CFB58D-AEEF-4675-BDCE-644DCEE047F1","DF1BC9C3-3062-4AD6-BE11-E532549542AF","Pulse Pistols","PrimaryFire","1970/1/1 00:00:00","2030/1/1 00:00:00"
"B264404F-6CCC-4803-A449-2F819890E49C","DF1BC9C3-3062-4AD6-BE11-E532549542AF","Blink","Ability1","1970/1/1 00:00:00","2030/1/1 00:00:00"
"75036E77-7B08-4F9D-B19C-3F30B6D14EAC","DF1BC9C3-3062-4AD6-BE11-E532549542AF","Recall","Ability2","1970/1/1 00:00:00","2030/1/1 00:00:00"
"2144A6A8-6BFB-4676-B35D-DC6446B0B74A","DF1BC9C3-3062-4AD6-BE11-E532549542AF","Pulse Bomb","UltimateAbility","1970/1/1 00:00:00","2030/1/1 00:00:00"
"4E90B3A4-0451-440D-84AA-E77FF69333BA","14D3AB16-B5BE-476C-959F-89B7CDA7321C","Widow's Kiss","PrimaryFire","1970/1/1 00:00:00","2030/1/1 00:00:00"
"87023D86-32EA-4A63-A59D-ED6E0123DF31","14D3AB16-B5BE-476C-959F-89B7CDA7321C","Widow's Kiss (Scoped)","SecondaryFire","1970/1/1 00:00:00","2030/1/1 00:00:00"
"44EE4D28-40E4-4E44-8E4C-3C2B665C55FF","14D3AB16-B5BE-476C-959F-89B7CDA7321C","Grappling Hook","Ability1","1970/1/1 00:00:00","2030/1/1 00:00:00"
"3350F38E-4631-401C-B02E-F24634C9A77F","14D3AB16-B5BE-476C-959F-89B7CDA7321C","Venom Mine","Ability2","1970/1/1 00:00:00","2030/1/1 00:00:00"
"D4472D9E-C803-4E65-A872-9FD2CF385826","14D3AB16-B5BE-476C-959F-89B7CDA7321C","Infra-Sight","UltimateAbility","1970/1/1 00:00:00","2030/1/1 00:00:00"
"ECD7E579-43FD-4FFF-B498-7074324EA790","90D5CCE8-3535-46EB-9358-C9F654F79554","Tesla Cannon","PrimaryFire","1970/1/1 00:00:00","2030/1/1 00:00:00"
"AA87F073-4037-4871-ABEF-E2940A85485C","90D5CCE8-3535-46EB-9358-C9F654F79554","Tesla Cannon (Alt Fire)","SecondaryFire","1970/1/1 00:00:00","2030/1/1 00:00:00"
"9AFB3093-8B15-4E4F-85C6-E8FE48D50755","90D5CCE8-3535-46EB-9358-C9F654F79554","Jump Pack","Ability1","1970/1/1 00:00:00","2030/1/1 00:00:00"
"564AE1DF-A3E7-4050-B4F9-36F49AD1AC1C","90D5CCE8-3535-46EB-9358-C9F654F79554","Barrier Projector","Ability2","1970/1/1 00:00:00","2030/1/1 00:00:00"
"1ED2F861-001A-4C7A-B9E5-018D0F1D4F82","90D5CCE8-3535-46EB-9358-C9F654F79554","Primal Rage","UltimateAbility","1970/1/1 00:00:00","2030/1/1 00:00:00"
"625AE14B-37E5-429F-9FCA-820F1E275E9C","3AC63A69-FD47-4542-A098-713B2AF139DE","Quad Cannons","PrimaryFire","1970/1/1 00:00:00","2030/1/1 00:00:00"
"0D08B4EF-B549-407E-9BFD-3C76FA56128D","3AC63A69-FD47-4542-A098-713B2AF139DE","Grappling Claw","SecondaryFire","1970/1/1 00:00:00","2030/1/1 00:00:00"
"FD19BDBA-68AB-46AB-A593-00FCB2F2B2E7","3AC63A69-FD47-4542-A098-713B2AF139DE","Roll","Ability1","1970/1/1 00:00:00","2030/1/1 00:00:00"
"E3205755-DC3A-4131-ADCD-AD33B49888EC","3AC63A69-FD47-4542-A098-713B2AF139DE","Adaptive Shield","Ability2","1970/1/1 00:00:00","2030/1/1 00:00:00"
"26C7B9CA-A5C9-491A-A4F7-7F25FB468475","3AC63A69-FD47-4542-A098-713B2AF139DE","Piledriver","Crouch","1970/1/1 00:00:00","2030/1/1 00:00:00"
"B7838DA3-C8A9-4DD3-9E4B-C0561830851B","3AC63A69-FD47-4542-A098-713B2AF139DE","Minefield","UltimateAbility","1970/1/1 00:00:00","2030/1/1 00:00:00"
"F4305BA1-30E2-4A2B-9B0D-5CC92DB1C15A","37A92D92-F193-4FB5-B6D3-4754A96D0870","Energy","Passive","1970/1/1 00:00:00","2030/1/1 00:00:00"
"ED8C5129-B0C6-4494-B152-2B06115B0381","37A92D92-F193-4FB5-B6D3-4754A96D0870","Particle Cannon","PrimaryFire","1970/1/1 00:00:00","2030/1/1 00:00:00"
"E3F3BFFB-11DA-4684-84E2-DE4FC23E3829","37A92D92-F193-4FB5-B6D3-4754A96D0870","Particle Cannon (Alt Fire)","SecondaryFire","1970/1/1 00:00:00","2030/1/1 00:00:00"
"126644C1-07C1-4BAE-B541-9CE600AA1791","37A92D92-F193-4FB5-B6D3-4754A96D0870","Particle Barrier","Ability1","1970/1/1 00:00:00","2030/1/1 00:00:00"
"EEB14AC0-DB6B-4809-A9AD-2F914B9F8CB5","37A92D92-F193-4FB5-B6D3-4754A96D0870","Projected Barrier","Ability2","1970/1/1 00:00:00","2030/1/1 00:00:00"
"154A73D0-3E0E-4A43-8F73-ABA8CE95AE64","37A92D92-F193-4FB5-B6D3-4754A96D0870","Graviton Surge","UltimateAbility","1970/1/1 00:00:00","2030/1/1 00:00:00"
"A7D16557-9DDC-44C6-B326-BF9318FC244D","707861D3-A75E-4803-9066-F94454CBAB90","Snap Kick","Passive","1970/1/1 00:00:00","2030/1/1 00:00:00"
"FF7BD5AB-B787-44AC-A1E8-9FF8F104AE1C","707861D3-A75E-4803-9066-F94454CBAB90","Orb of Destruction","PrimaryFire","1970/1/1 00:00:00","2030/1/1 00:00:00"
"964EFFFA-6D63-4879-AB3E-3A1217CBD227","707861D3-A75E-4803-9066-F94454CBAB90","Orb of Destruction (Alt Fire)","SecondaryFire","1970/1/1 00:00:00","2030/1/1 00:00:00"
"5517C864-3BB8-4CC8-93FE-C2AFCFB996FB","707861D3-A75E-4803-9066-F94454CBAB90","Orb of Harmony","Ability1","1970/1/1 00:00:00","2030/1/1 00:00:00"
"5D4A2E53-8DAD-456F-A367-AE5033C7E6D4","707861D3-A75E-4803-9066-F94454CBAB90","Orb of Discord","Ability2","1970/1/1 00:00:00","2030/1/1 00:00:00"